,ID,Class,mf0,mf1,mf2,mf3,mf4,mf5,mf6,mf7,mf8,mf9,mf10,mf11,mf12
0,1-7057-A-12,crackingfire,-410.90845,53.12116,43.685886,39.566463,0.3744763,17.098375,5.899737,17.62616,8.827858,14.693707,3.604163,6.901472,9.241342
1,2-65747-A-12,crackingfire,-236.59727,45.386887,9.972418,23.725887,15.398039,17.313583,2.214627,0.6211163,-8.715458,8.719705,5.078637,1.4302515,-5.5163045
2,3-120644-A-12,crackingfire,-389.10822,53.906757,44.41739,38.67295,26.993368,25.616184,17.208616,20.623026,13.676393,16.824404,7.149352,10.338269,2.475958
3,3-147965-A-12,crackingfire,-248.70453,35.895077,20.418612,30.599966,5.006649,22.831482,8.253297,20.540064,7.1459675,11.848261,2.3397448,0.35370147,-14.717521
4,3-158476-A-12,crackingfire,-442.91907,63.351444,39.13489,32.865616,20.968693,29.92039,13.506634,21.868876,11.37298,14.397937,4.027976,8.367541,1.3914167
5,2-30322-B-12,crackingfire,-257.2432,71.071976,27.253836,25.371101,12.787109,15.681085,3.3693616,11.302448,6.0761724,6.535744,2.5255811,5.983115,-4.467191
6,1-17742-A-12,crackingfire,-342.4308,22.252504,21.104801,19.68479,2.9241235,10.545048,0.49819964,4.410358,-4.5578227,2.5672967,-2.988963,3.4036653,-2.2989542
7,5-189237-A-12,crackingfire,-554.3896,90.99763,23.208628,11.608033,-16.645187,1.5114427,-15.857697,-6.2170634,-8.847798,-4.7775545,-12.084816,-5.830057,-11.38511
8,4-181563-A-12,crackingfire,-218.90025,87.627,45.978836,21.610256,19.385092,2.5390172,9.319527,0.40904847,0.90693057,8.426466,-1.7567581,11.888004,-6.0513434
9,3-65748-A-12,crackingfire,-270.93655,55.337204,8.204255,27.45822,14.947335,16.801811,-0.8251013,2.6460874,3.490079,7.060752,-7.861279,6.5383964,2.5081244
10,2-30322-A-12,crackingfire,-284.79028,70.34107,35.270313,23.901194,12.172555,18.018696,5.581432,13.177438,8.305909,8.120218,5.449246,7.1290045,-3.0060992
11,2-28314-A-12,crackingfire,-317.53183,73.52469,30.473326,20.979748,9.79861,15.930077,3.9737446,12.260644,7.7007627,7.753919,5.5625815,7.42522,-2.4095745
12,5-189212-A-12,crackingfire,-326.79575,90.63317,71.91269,24.112951,28.7644,22.240906,21.642937,15.521806,7.267527,6.799096,3.6123767,7.223948,-1.2863683
13,1-17565-A-12,crackingfire,-233.35812,49.495388,-6.8564644,25.677053,7.2526813,7.023119,-3.7125015,15.745234,-1.0147517,12.143164,4.515441,13.197061,3.2972739
14,3-104958-A-12,crackingfire,-498.2754,32.14934,30.38907,8.838497,11.674569,7.382832,2.1441457,3.6860259,-1.1028677,7.989442,-4.8753304,3.678009,-3.7803392
15,4-164661-A-12,crackingfire,-198.21504,80.87155,82.6619,16.589914,10.074854,27.177784,13.664063,18.667831,8.102949,13.16877,4.0063677,5.117779,-0.84917957
16,1-17808-A-12,crackingfire,-296.61642,75.34866,13.022615,33.487637,17.686089,20.499361,10.811147,18.0733,17.233458,12.503982,3.8899915,12.182504,9.911517
17,1-17150-A-12,crackingfire,-286.71582,62.699898,18.56666,29.3062,27.80526,8.130116,-1.1188762,25.288729,-7.871512,4.550047,-3.1644762,6.492745,-5.779511
18,4-171207-A-12,crackingfire,-288.20065,121.7209,65.51418,29.498856,15.833955,32.025055,16.531115,16.051886,13.074967,15.98136,23.184595,13.012354,0.16956794
19,1-46272-A-12,crackingfire,-171.84172,29.810661,46.02353,55.60053,27.686642,18.9019,8.56974,13.204383,6.4183435,10.576669,0.09452921,4.0503182,0.6620891
20,2-61311-A-12,crackingfire,-363.48022,91.16158,26.504341,48.936943,16.511799,4.4020057,7.7316785,13.726159,3.9054945,11.305389,6.5242677,7.7321277,-3.294821
21,5-186924-A-12,crackingfire,-60.47427,97.5665,25.13369,50.806282,9.010288,38.81617,18.822903,17.88231,1.08611,13.771384,0.96126974,8.396175,0.33861813
22,4-170247-B-12,crackingfire,-297.1522,110.12232,39.70594,39.655308,15.601989,23.94713,13.275018,15.088103,7.0765195,13.445545,7.8596096,9.000019,4.988343
23,3-145774-A-12,crackingfire,-412.776,65.09755,58.560307,43.13332,19.104082,17.494278,13.022688,7.346375,7.5516577,6.9930735,4.701442,10.430116,4.0595136
24,2-18766-B-12,crackingfire,-479.8162,-2.1577742,48.082863,49.82613,27.257313,28.566551,-0.7651964,4.435209,-2.6605005,11.674828,7.5916834,9.898538,-0.31267858
25,4-164661-B-12,crackingfire,-391.23264,57.41276,63.361015,14.657784,8.909464,20.165236,9.594643,13.035371,5.0211034,9.733903,1.9868073,4.7331033,1.2422456
26,1-4211-A-12,crackingfire,-251.70389,77.29301,14.39059,45.649937,23.450228,19.983126,13.320403,20.96718,10.815809,19.410744,9.120088,13.510689,3.9198833
27,1-17808-B-12,crackingfire,-346.4556,78.84527,18.247734,37.18826,21.712776,19.230017,12.7204,19.083385,16.22748,13.430214,6.3784747,12.044244,6.8062243
28,5-215658-B-12,crackingfire,-254.63988,100.87098,46.790047,88.02662,46.87376,31.350586,3.7723303,10.313732,-0.9038415,7.16709,-15.663578,-3.6093576,-5.1285973
29,4-182369-A-12,crackingfire,-271.1819,94.93017,44.15424,18.850943,18.989542,2.303563,8.96987,1.7511643,1.2338675,7.969868,-1.0489141,12.735479,-5.6091366
30,4-170247-A-12,crackingfire,-343.82364,88.593605,49.79725,40.412388,14.526161,24.473059,12.01811,17.411406,6.9128733,12.601985,4.692463,8.516021,3.247976
31,3-157187-A-12,crackingfire,-459.97638,35.83854,18.897753,17.338762,11.002407,10.311143,8.316486,6.779629,4.156827,4.0232325,1.9786742,3.7540538,-0.7920269
32,2-28314-B-12,crackingfire,-397.89392,72.82155,22.392456,21.101694,9.89259,14.178443,2.1253488,10.362269,5.506055,6.504722,3.382028,6.8649373,-3.9382825
33,4-182368-A-12,crackingfire,-366.61398,91.83267,34.27972,18.758068,8.924865,4.4131694,5.4273095,2.9133606,1.3833498,8.238635,-2.2908514,8.644521,-3.4090357
34,2-18766-A-12,crackingfire,-408.28406,-4.4732046,56.375397,49.780697,30.618435,25.521894,1.0489199,2.3239048,-6.643933,6.2231607,9.264597,10.609777,0.99448586
35,5-193473-A-12,crackingfire,-339.75488,5.3071494,30.719309,11.944526,7.020832,-1.1577511,2.052819,-5.427466,-3.1737623,-0.7160567,-5.326229,2.486479,-4.2319117
36,3-104632-A-12,crackingfire,-454.5775,62.313473,-13.510292,-2.6266282,-17.437565,-16.505014,-21.3477,-10.981661,-12.208901,6.1542425,-6.3329883,2.5536807,-7.1643887
37,5-193473-B-12,crackingfire,-392.51956,-10.90734,27.643702,7.727134,6.265997,-3.986588,1.2486554,-6.6012535,-4.125561,-1.2707193,-4.9972744,2.1301558,-5.3584175
38,5-213802-A-12,crackingfire,-135.6316,48.67207,49.742657,42.34602,33.551975,17.035875,16.226809,11.122011,1.9991127,5.4245157,-4.9168754,20.324402,8.917421
39,5-215658-A-12,crackingfire,-363.82962,107.908005,38.675503,84.49114,47.29677,31.063988,4.2397943,9.9238825,-1.653507,5.639195,-14.409655,-3.268302,-6.601017
40,1-60997-A-20,baby,-326.1382,-3.7155485,-57.538338,6.210482,-48.00706,7.055252,-6.2589297,0.07465018,-7.832723,-2.3408732,-14.334761,-8.523073,1.6329719
41,2-66637-B-20,baby,-217.2828,48.15384,-13.736833,-11.242597,-11.965962,6.923269,-9.632481,12.724843,-0.09499223,4.8338428,-6.0353026,2.256844,-5.966238
42,3-152007-C-20,baby,-297.62137,35.55311,-40.403057,16.49725,-29.420506,-14.826691,-34.46822,-8.175235,-2.5603974,-16.685194,-12.028613,3.4095418,-4.0751395
43,3-152007-D-20,baby,-265.4132,-1.3220322,-72.83894,1.4828482,-30.159986,-5.283929,-34.69899,-6.234849,-12.963474,-6.0314937,4.5086713,1.3088695,-0.033020593
44,5-198411-D-20,baby,-199.64342,63.99837,-32.034195,13.144484,-22.03154,-10.669094,-16.473747,-0.7319448,6.688717,-4.446836,20.635998,-1.2363429,13.093516
45,2-151079-A-20,baby,-319.4803,37.950706,-37.045586,-26.901882,-11.823847,2.161566,9.176153,6.2580605,0.93516743,2.3250082,-7.359595,2.6183228,2.537183
46,1-211527-A-20,baby,-298.96265,4.471974,-45.02835,28.085018,-8.2261305,-2.5354269,11.786797,9.927233,5.4375763,-5.2558107,0.2790587,8.537519,3.4850073
47,5-198411-F-20,baby,-266.6614,11.705376,-63.330135,12.42709,9.397213,-0.35604176,-8.928397,7.0173683,18.795717,4.0309153,5.5628753,10.325753,16.649529
48,1-22694-B-20,baby,-338.7799,73.743095,-8.696139,4.1943555,7.1662884,10.701494,-3.288702,12.341783,1.2463821,4.5149865,-7.2588005,3.5426447,-4.2520633
49,1-22694-A-20,baby,-298.27475,50.106617,-23.853073,3.4131978,1.9601058,9.783007,-2.621671,17.58793,-3.9918501,2.3452153,-3.49457,1.4310099,-8.172646
50,3-151080-A-20,baby,-190.07782,39.789486,-57.810833,-23.65369,-27.32478,0.06601192,10.394546,15.24267,-13.475903,13.587419,-16.771976,5.122995,-7.1519628
51,2-50665-A-20,baby,-428.8371,17.273834,-23.623955,10.917739,-18.829748,0.5675475,-4.183798,0.38430476,15.606742,-6.9176674,0.67448664,9.537751,13.678273
52,4-185575-A-20,baby,-219.55946,60.86221,-28.720102,6.4307613,-3.8370945,1.6580551,-29.11379,13.790503,-1.0820111,7.342954,-15.002918,-0.07379094,-0.6930304
53,5-198411-G-20,baby,-309.6756,87.84542,1.581498,15.038627,-25.363274,0.5646765,-6.1517596,-5.3296084,15.849446,-1.3804902,27.825169,5.52427,8.9046
54,4-59579-A-20,baby,-221.40283,4.028722,-41.578148,5.918938,-6.991531,6.657321,-27.098742,4.2302165,2.9494934,0.8251097,-7.483298,-1.298986,5.173614
55,5-198411-B-20,baby,-258.36606,74.259514,-7.14511,24.852873,-24.03652,2.3333745,-5.69096,-3.8156002,12.951586,-5.3835254,20.299995,-2.5800512,1.3252097
56,4-167077-A-20,baby,-282.02164,52.268948,1.2779653,-4.522633,3.0120926,-4.795547,4.819574,19.105984,9.488725,4.1234884,-2.7966363,2.6942155,-3.141385
57,2-50666-A-20,baby,-309.04422,54.050114,-31.750988,31.58748,-28.787075,2.1287873,-19.368595,3.9061346,28.108631,7.1063204,-0.111846894,-2.52111,-2.9017565
58,1-60997-B-20,baby,-293.83783,-35.089825,-78.79103,12.672097,-49.756664,7.4967327,-13.941882,5.942255,-11.430743,-2.0869327,-23.326267,-10.3878355,2.8172245
59,2-107351-A-20,baby,-181.59142,12.482305,-61.113483,2.11709,-8.25236,-21.82328,-21.56121,17.18367,4.866721,-4.543839,-3.4556706,3.201608,9.3576
60,5-198411-E-20,baby,-191.66307,79.94102,-4.7157536,21.071976,-42.403263,0.51053876,-5.0533466,-17.509745,4.7627583,-11.8260565,31.154161,-6.6488433,14.652644
61,5-151085-A-20,baby,-160.03372,30.977694,-65.423096,-26.399519,-29.310127,0.71352726,8.094452,15.815245,-16.577389,12.197187,-17.19311,5.039974,-7.790342
62,4-167077-C-20,baby,-267.73755,59.388077,-29.66066,-5.586365,-12.065227,-7.714145,-6.611175,8.409051,0.31564862,4.970258,-13.73791,2.1558383,-1.7467798
63,1-187207-A-20,baby,-283.16467,102.49004,-8.504624,8.035291,-19.80966,3.0510802,2.3792307,-7.01949,6.6733575,8.143369,1.0132025,-2.902098,-4.647759
64,5-198411-A-20,baby,-273.36356,25.059315,-38.180843,9.784755,-1.3236252,5.267637,-5.670212,2.6906607,6.9349394,6.1781487,3.489398,2.8545787,6.899203
65,1-211527-B-20,baby,-198.65598,80.995,-53.77032,12.426741,-25.826277,7.334647,15.552034,9.66111,-2.8235977,-1.9799949,2.367744,5.8956676,-0.1401127
66,3-151081-A-20,baby,-191.15839,14.461327,-33.424774,-8.941039,-16.23064,18.693882,14.463727,18.06685,1.4295999,2.946666,0.4441852,8.563386,-7.4800816
67,3-151081-B-20,baby,-241.93378,85.497955,-30.11495,-3.7848225,-12.61189,3.8741457,12.470416,30.569756,9.3433485,-2.3611429,0.63710964,-0.5853894,-8.589899
68,3-152007-E-20,baby,-234.37181,39.528984,-65.68453,14.718585,-51.6927,-19.926743,-37.095226,-28.179073,11.265004,-21.007992,-13.768864,-8.323603,-5.836362
69,2-66637-A-20,baby,-200.05138,27.403751,-10.641372,-11.443525,-12.593242,-10.140302,-14.319032,17.387827,-1.9231156,8.219382,-2.540108,2.1128383,2.7954273
70,4-59579-B-20,baby,-368.67746,39.77155,-17.081846,-0.64595795,-15.345159,-6.7654743,-23.765444,3.2994404,-1.8773507,-4.694372,-0.011513823,-2.3630953,-0.75947464
71,3-152007-B-20,baby,-177.70982,51.538967,-73.39715,-8.341363,-48.052414,-7.831961,-36.645172,-14.409089,24.197634,-18.353975,-17.30956,-6.9088283,-7.4530587
72,2-80482-A-20,baby,-357.26685,-44.137787,-72.71253,-35.18696,-20.584831,-19.128899,-12.593653,1.1469363,-22.291416,1.6582351,-8.788569,5.4370112,-7.0749416
73,1-211527-C-20,baby,-260.31042,-10.827455,-55.665157,11.064681,-23.7648,-7.1954317,20.514856,5.206391,-5.957997,-4.6678205,-0.14648825,13.051612,2.992679
74,3-152007-A-20,baby,-327.72693,12.514341,-46.604664,7.064719,-24.624794,-5.447528,-38.149235,-5.5483975,-1.5916947,-6.790672,-8.867601,3.435677,4.857898
75,2-107351-B-20,baby,-167.95253,-3.9712055,-73.44367,4.0034175,-1.652461,-5.9107585,-18.166756,14.886854,11.202801,-8.774268,-4.6369267,8.78682,15.430726
76,4-185575-B-20,baby,-205.86765,75.762215,-31.745201,1.4559234,-11.472134,-3.2279065,-38.25073,5.27,-11.298823,5.7113743,-11.064343,3.7630262,-4.781684
77,5-198411-C-20,baby,-283.47595,115.20137,6.834146,-0.57246715,-25.33386,-10.354049,-25.3598,-22.107704,6.7110934,-2.8627121,11.603167,2.3132482,4.438106
78,4-167077-B-20,baby,-208.57784,42.152832,-22.690287,-6.6379128,-2.9747844,-17.13309,-9.885133,17.270586,-2.9243503,6.621984,-15.367452,0.9943345,0.8465075
79,4-185575-C-20,baby,-255.86414,59.04004,-38.125275,-4.708873,-12.323897,-2.0090144,-31.137077,-2.2019055,-12.29554,-4.968827,-11.017916,1.9836928,-10.297419
80,4-128659-A-33,door_creaks,-407.7959,27.84336,-21.958603,5.8477,-30.392525,-10.832225,-21.602268,-3.6068747,-6.2416043,6.492852,-0.095621005,6.4507747,1.5136154
81,2-70344-A-33,door_creaks,-624.22437,11.44998,-1.1218555,4.0036383,-0.5139664,1.958392,-0.10334706,1.515946,-0.30835992,1.6423805,-0.81269956,-0.6207561,0.9694214
82,2-7321-A-33,door_creaks,-198.24094,91.98143,10.440538,2.1247735,5.193155,13.452848,-5.0722017,7.4752655,-2.0964649,4.056261,-2.8814886,3.5692549,-1.4556177
83,3-103401-B-33,door_creaks,-177.30217,87.56618,-76.50003,-11.596722,-18.996021,-1.2095954,-16.834173,-10.478596,-13.459473,-1.3561829,-8.990233,4.0205235,-10.281563
84,2-70367-A-33,door_creaks,-280.68387,28.99806,-10.509596,-2.7207446,-6.9992194,0.817473,-1.3754737,3.1149688,2.5002568,3.6607516,0.24609728,5.281594,-2.612938
85,1-51805-E-33,door_creaks,-404.56818,86.52502,-24.019823,24.31315,-2.5823932,13.7838335,-11.13648,6.492999,-2.1114886,13.389345,4.785743,4.4974003,0.23965241
86,5-161270-B-33,door_creaks,-300.9776,138.9668,-5.374763,37.60561,7.9091973,10.525518,0.13163951,15.320141,4.2659965,-2.340307,-16.47308,2.894011,1.4271017
87,3-101381-B-33,door_creaks,-554.73126,144.93083,-2.7203162,-16.628597,-3.9224265,0.27546027,-5.8340425,-10.622634,-10.973858,-4.171891,1.4424859,-6.213842,-5.106674
88,1-51805-B-33,door_creaks,-380.07886,31.936266,-40.460064,17.565924,6.5125284,16.917376,-3.3700683,-5.145097,1.7038347,16.424892,9.83442,4.129115,4.697703
89,5-191497-A-33,door_creaks,-353.45993,111.08036,-18.02544,17.902168,-1.2144156,12.069884,6.6261687,5.04506,3.1452672,3.945744,7.03338,10.61933,-2.5311112
90,5-173568-A-33,door_creaks,-526.52527,3.8530703,5.3439813,3.4961805,1.190578,1.9298908,-1.7354624,4.250756,2.2728722,1.8891481,-1.5490578,-2.6908529,-2.5979626
91,3-103401-A-33,door_creaks,-303.59738,76.99618,-34.539078,13.325633,-1.0136241,9.008755,-5.163053,-3.5170915,-8.325725,-1.4441993,-9.115382,1.8071787,-4.7924633
92,4-107117-A-33,door_creaks,-35.62122,63.627388,-69.43338,39.586117,-27.965141,4.9502983,-29.582457,10.863533,-15.795799,-14.282534,-21.280504,-5.9330144,-8.455619
93,2-91912-B-33,door_creaks,-321.70737,103.77345,-17.45262,24.7564,3.0578082,7.53826,4.1604824,5.2362604,0.1543277,7.6219964,4.348712,1.9465016,-1.1058654
94,5-181458-A-33,door_creaks,-549.6126,76.27427,-18.922201,25.602316,10.77723,11.116202,3.2768617,12.904381,4.955959,10.647578,11.613922,11.492022,1.610137
95,4-160036-A-33,door_creaks,-381.31937,190.37132,10.889814,48.932423,28.655352,11.452691,1.1738346,5.303789,7.256138,-6.070982,-5.765311,2.9404979,16.080086
96,4-108352-A-33,door_creaks,-497.22464,55.82167,-5.330041,40.972397,8.106901,13.61602,7.8806944,7.308255,-6.3211246,18.42647,6.760067,6.0287967,9.61585
97,3-101381-A-33,door_creaks,-580.7763,117.6756,-7.61237,-11.99118,-1.09919,-2.462628,-6.75491,-6.0126452,-7.63021,-5.459818,1.2604438,-5.8354836,-6.6025066
98,2-123712-A-33,door_creaks,-498.1047,30.675375,-15.624004,6.532391,4.734085,9.183793,0.6814087,14.909448,2.1009572,1.5321698,-11.464221,-4.183821,-4.921067
99,4-107120-A-33,door_creaks,-392.62817,-8.835796,-7.082792,7.3576045,-10.479936,10.39947,-11.133394,2.4605978,-0.08142676,-0.7902858,-5.3926973,1.2205361,0.08910569
100,3-103401-C-33,door_creaks,-141.74263,58.25734,-82.17178,-21.916592,-28.34327,-1.8291289,-17.024479,-5.7291493,-12.112858,-4.4857426,-3.555276,3.2759857,-14.0076065
101,1-51805-C-33,door_creaks,-489.87115,65.22482,-28.944872,24.04095,17.541355,12.287071,-5.304889,8.905854,3.684025,7.282017,6.015103,16.834303,14.533932
102,2-91912-A-33,door_creaks,-360.1233,115.69574,-23.79115,24.152473,-2.9305234,8.214748,3.1055548,7.3816214,-0.47534826,5.509326,3.1011505,6.4370275,0.10148334
103,1-51805-F-33,door_creaks,-390.9756,89.13459,-26.809786,20.306639,-4.3862696,7.328171,-13.6575575,1.4181821,3.1979733,5.6169066,8.686206,-0.06820971,0.12266401
104,1-51805-G-33,door_creaks,-293.50623,48.618874,-16.926834,14.205345,-6.0381336,0.42963383,-22.701921,2.0221186,-0.94992745,5.0825095,6.141412,-4.277971,-4.7671633
105,1-51805-D-33,door_creaks,-426.03723,26.374434,-8.066988,22.156555,10.807599,22.402342,-1.577568,8.030356,0.2689634,4.1657724,7.0371013,9.482091,7.6738577
106,2-87780-A-33,door_creaks,-577.29034,94.39244,-14.245406,7.4089203,1.9096855,6.238498,7.4856515,5.981748,2.0234485,3.0244436,-4.3848515,-2.9362788,-1.0100998
107,3-103401-D-33,door_creaks,-172.46512,48.55572,-67.18798,-21.636974,-13.033327,-5.590639,-15.718227,-9.867699,-15.050133,-5.6874623,-10.027326,-0.010585061,-12.870191
108,5-177779-A-33,door_creaks,-404.9575,71.7763,12.518235,24.840141,0.18512185,-0.80673194,-6.9179387,6.8656673,-13.905451,-3.4509137,-10.745531,2.456442,-7.9817324
109,3-94355-A-33,door_creaks,-334.76874,54.592926,-20.192383,31.216284,6.2780447,12.537053,0.5769929,6.1509166,0.2012189,9.539491,2.806593,7.559713,4.71938
110,4-160036-B-33,door_creaks,-411.92242,156.78973,21.016867,24.37958,34.929775,12.432695,-0.05982332,8.480427,11.339036,-4.6798196,-8.51253,7.7060375,17.292562
111,2-70366-A-33,door_creaks,-493.9525,22.408407,-5.41492,-1.8107457,-1.6371076,0.408019,0.6721999,3.6465585,2.7633271,2.293844,1.304758,3.314017,-0.8986019
112,5-188606-A-33,door_creaks,-675.80304,22.844873,-16.55203,5.8164783,-9.652356,-7.4674554,-4.44434,1.5728358,-4.6257253,-7.0247397,-4.5653677,-0.9175367,-3.2543077
113,1-51805-A-33,door_creaks,-286.11234,13.86975,-42.332016,17.048319,-7.126017,15.780345,-10.846803,-0.03220192,2.400128,9.247957,-4.3342385,1.789323,10.025482
114,4-107122-A-33,door_creaks,-197.30115,-7.2993326,-39.49856,13.180043,-22.629255,8.409396,-18.936516,5.979849,-2.229015,-14.30771,-9.506665,4.2391443,-11.89287
115,4-132839-A-33,door_creaks,-129.34459,88.739296,-69.443184,3.1807175,-6.0671673,5.8152003,-9.567686,14.880304,3.7820115,10.455011,7.6266093,-8.326762,-3.0728636
116,3-118194-A-33,door_creaks,-307.50464,58.527786,-27.418852,20.469484,-12.426116,8.780435,-6.6408806,3.2255182,2.3682964,10.930461,0.16672908,7.662333,0.0642868
117,5-187444-A-33,door_creaks,-139.63736,22.252392,-30.278505,15.801655,-13.934868,15.569166,0.7514529,4.4762907,6.753528,4.9267707,-5.4463015,6.5548835,1.9708129
118,1-51805-H-33,door_creaks,-429.88724,63.083103,-3.341126,29.075016,7.006811,21.225576,-0.15904188,3.2040393,3.0146883,10.318371,1.2106553,6.37873,5.433814
119,5-161270-A-33,door_creaks,-288.65637,135.61029,-9.614736,37.623016,5.9017367,10.704263,3.5419192,18.276731,4.11504,-3.198637,-14.328307,0.13293327,-0.97525954
120,4-207124-A-0,dog,-392.178,110.28573,-7.7008233,-25.136913,-24.738266,-16.376467,-19.215443,-16.90656,-9.367665,-1.5824567,5.0251555,4.981091,2.2668612
121,2-118964-A-0,dog,-403.79837,27.826206,-6.9766426,-2.9215314,-6.2781887,-0.45186552,-1.9882582,1.1053977,-0.76750606,0.7468901,0.9783459,1.0956376,-1.3887753
122,5-9032-A-0,dog,-491.03067,5.419735,-30.225233,8.634355,-2.1411684,12.292162,7.9183993,0.02514011,0.0009882384,1.5298594,2.4171546,1.5970602,-2.797408
123,3-180256-A-0,dog,-358.09225,107.45106,-39.99776,-54.08166,-32.642426,-10.528564,1.168098,-2.919609,4.752419,3.2441092,2.9570591,-0.35476223,0.439642
124,1-110389-A-0,dog,-586.1157,10.296741,-3.042155,-2.8375478,-0.19359408,0.73031515,-1.2582695,0.13178214,-0.12296051,0.446582,0.5877944,0.9710083,1.6065551
125,3-136288-A-0,dog,-273.66498,135.59187,-17.533482,4.5228763,-10.266515,6.229636,11.073671,23.09292,8.084506,0.32923505,1.3174896,18.453794,3.837055
126,5-203128-B-0,dog,-281.01352,101.70953,-42.25847,-42.392204,-20.301403,-14.66461,-9.584049,-3.5587156,-10.442167,11.194188,-3.2267444,15.69802,13.491403
127,5-231762-A-0,dog,-432.65857,43.6133,1.5019177,-11.716187,-12.506514,-7.2931952,-10.651379,-5.329943,-1.9048256,-3.760612,-2.5870013,-1.4546403,4.1072474
128,5-208030-A-0,dog,-182.64348,52.92184,-92.09185,-22.519506,-3.797951,6.308759,-3.2851183,-1.6217178,-8.292272,-4.984349,-7.916744,-2.3077483,-7.5229974
129,5-213855-A-0,dog,-286.44586,137.14001,-24.032448,-29.058752,2.766807,13.638261,13.250489,23.834663,9.999297,0.50716573,2.892403,13.637743,3.461787
130,3-155312-A-0,dog,-300.53333,117.53124,-57.862057,-29.321255,-26.954569,-29.557833,-21.341526,-20.859549,-5.7491727,-10.719867,-2.4192002,7.809781,0.0789939
131,2-116400-A-0,dog,-353.8368,103.073555,-5.9112835,-18.748365,-4.789219,-1.025865,-12.791356,-0.2498683,-4.6126623,7.619605,5.1648493,4.168935,11.0869465
132,4-194754-A-0,dog,-329.87576,134.95018,-19.317598,4.7328677,3.5179975,10.276827,0.82150227,15.142837,13.770439,6.4264345,2.0391722,4.1881766,6.482404
133,4-191687-A-0,dog,-367.26816,72.74639,-6.542546,-13.332854,-8.83145,-5.4465585,-5.3222537,2.7575378,0.8429571,-3.8627157,3.9787729,4.5499544,-3.468997
134,1-97392-A-0,dog,-447.60605,44.410236,-37.725666,-26.288559,-10.817391,-13.829326,-5.9827185,0.42652652,-3.5052989,-1.4532669,-4.2405324,-3.5420184,-2.690681
135,5-217158-A-0,dog,-312.9068,153.75963,-84.29739,-56.707203,-8.160712,-34.36169,-22.119331,4.24773,-1.6175096,8.753051,25.54819,8.473543,0.27307928
136,2-122104-B-0,dog,-354.81506,149.7779,13.3575,-29.152124,-21.491621,-2.6465611,-4.7212496,0.6364906,-3.8057513,-2.3481543,-0.8821871,-0.860556,1.3196027
137,2-117271-A-0,dog,-198.2276,146.984,-3.5372498,-10.851082,-6.507108,3.4762976,-9.451799,2.2416124,-1.4525504,3.280718,-0.52111197,6.7827473,4.0176926
138,4-182395-A-0,dog,-563.46124,24.744694,10.589463,-1.1347479,-3.2202501,1.2691954,-2.1737385,-1.7853049,-2.5148425,-1.1149348,1.1841986,1.1919184,-0.8769328
139,4-192236-A-0,dog,-359.70572,88.94421,10.288812,-6.2384253,-16.822533,-18.492579,-3.5791807,-11.812987,-9.77492,3.6684742,-1.7837365,2.5585897,2.3094757
140,1-85362-A-0,dog,-320.1224,142.23364,-47.699444,-60.290203,-36.492405,-26.242167,-19.147646,-10.246421,-19.145767,3.6030025,12.082295,9.588421,4.578893
141,2-118072-A-0,dog,-492.52994,29.262392,2.1681728,-4.353133,-4.2134557,3.6380603,-1.0942216,2.2434008,2.4982243,2.8968906,2.9270728,0.047724217,2.548732
142,1-30344-A-0,dog,-379.66412,101.117035,-3.6569986,-18.942917,-24.047012,-24.909468,-14.507141,-9.891089,-18.13578,0.4201438,-0.0911855,-5.55243,-2.4685104
143,4-199261-A-0,dog,-390.23953,93.33519,-9.559453,-7.310436,-5.031838,-11.076491,1.480575,-4.4359946,-8.14417,-4.826551,-6.035648,0.47981414,8.517208
144,3-157695-A-0,dog,-390.30682,59.65285,-14.206002,-20.857841,-10.648952,-11.497187,-35.084515,-14.292397,-5.989168,-7.4273853,-5.833076,-7.4847503,-7.1200533
145,5-212454-A-0,dog,-325.9241,112.614075,-1.8395953,-18.461329,-26.866575,-3.30015,-9.948953,-11.917586,-5.040172,-7.643476,-20.839428,-3.3302004,-5.4602056
146,1-59513-A-0,dog,-333.14133,160.53249,15.692051,-4.3401027,-8.506345,-13.415109,-6.709086,-6.7673464,-11.373397,-12.689699,-3.3694575,0.9459943,-5.7222667
147,5-203128-A-0,dog,-332.6077,92.763145,-1.4863635,-13.479512,-17.377737,-12.105611,-5.8995724,0.54915893,1.9298121,10.155145,2.0212648,3.2698212,1.164499
148,1-32318-A-0,dog,-330.26855,72.231926,-6.4124994,-3.9387548,11.810658,2.0678859,-8.887974,-6.1879873,-8.490626,-4.531522,5.1350408,12.294177,15.620936
149,1-100032-A-0,dog,-600.96826,4.735329,-8.546893,-4.2358017,-0.85924035,-1.9330618,-0.3346897,0.8651508,0.78212494,0.4798204,-0.5150491,-0.20849334,-0.89801013
150,2-114587-A-0,dog,-300.30765,33.009186,-89.89334,-32.317097,-43.30359,-19.31609,7.537295,14.188049,0.047766402,5.1119037,-12.350084,-0.914594,4.4938793
151,1-30226-A-0,dog,-372.79526,140.1924,-24.237566,14.226515,12.303753,15.041835,6.2822847,10.975502,5.5121374,12.518128,8.577349,5.489306,-1.4865855
152,3-163459-A-0,dog,-533.237,43.805088,-9.956793,-7.925109,3.1676662,4.3885283,0.31633657,5.9251523,2.3070405,3.1898768,-0.85439765,2.1048682,1.7377906
153,3-170015-A-0,dog,-569.12885,31.646105,0.9391154,1.3978751,1.9937221,-1.6726784,0.40540403,2.950381,0.7219826,3.896252,6.6405935,7.6361074,4.7510653
154,4-183992-A-0,dog,-392.02145,144.35756,17.37812,2.0311306,10.883125,-0.46589702,-12.233515,-5.6663384,-9.983484,-1.2609797,-0.26542443,2.0434697,-2.7280858
155,2-122104-A-0,dog,-362.43985,159.89932,15.848761,-30.096615,-23.095078,-6.011725,-7.553919,-2.1075685,-10.816193,-1.2418016,1.1838408,2.7740111,0.9718593
156,2-114280-A-0,dog,-374.55164,74.197266,-10.375508,-26.790648,-23.925272,-7.424546,-19.370264,-8.436255,-4.091471,-6.5106544,-7.1024055,-7.9350863,-1.6695282
157,3-180977-A-0,dog,-117.29125,96.72814,-45.979397,-11.142449,-21.461336,-2.7391987,3.7584946,15.098211,1.717219,7.8713264,-7.3336086,-2.3171895,-7.251332
158,4-184575-A-0,dog,-401.11462,97.47768,-34.187984,-38.966553,-6.637749,0.27844766,4.3640447,9.715047,3.6606767,18.205208,13.581127,20.001183,6.107101
159,3-144028-A-0,dog,-104.76225,127.13525,-49.137615,-26.890806,-16.181845,-17.81318,-17.489326,-6.19911,-5.8898983,1.412969,-3.6070116,5.8073983,3.9461737
160,1-12654-A-15,drops,-486.5981,77.63288,16.881605,22.5015,9.134636,13.104487,4.572421,6.607892,-0.96328825,0.6904725,-2.458179,-0.5361026,-5.9393253
161,1-90797-A-15,drops,-557.6102,15.705586,4.153489,-4.7009106,-2.096095,0.36073938,-9.008838,-1.4626197,-0.8813457,0.6482787,-1.613235,0.6888648,-0.5541348
162,4-168155-A-15,drops,-497.0893,109.74035,59.219673,21.188034,8.23774,7.800141,14.306531,11.492062,1.804758,-0.90413743,4.795441,12.34386,11.040733
163,4-212604-C-15,drops,-371.54782,91.87461,36.377594,16.73414,16.057194,16.130192,0.4840069,13.197718,12.379968,13.612336,11.185113,9.419401,2.812022
164,2-124564-A-15,drops,-334.1453,69.19466,18.469011,13.934374,-0.20088835,13.616485,5.2391605,12.029808,2.4421813,10.968632,4.620497,4.40561,-0.76391107
165,2-68595-B-15,drops,-493.37082,78.63726,12.302075,10.011126,4.8083982,2.0799785,-4.129768,2.2504458,2.034041,8.146794,5.3658757,0.90620923,-10.313817
166,3-166324-A-15,drops,-727.02,32.337982,14.300114,17.323446,7.12592,8.688939,3.292319,3.3301184,-0.7205318,1.4287492,-1.0759912,-1.959937,-4.068386
167,2-68595-A-15,drops,-435.45123,66.547966,8.809202,25.755917,0.07200854,2.5680673,-2.4329698,5.3316913,5.534945,4.273568,0.53207356,4.402182,-6.72461
168,4-212604-A-15,drops,-416.37985,127.9309,39.635395,38.426197,24.19202,13.274286,0.6002322,7.0238495,3.7738981,13.296496,6.8839025,9.072084,-0.40828556
169,2-64963-A-15,drops,-454.04758,55.16391,-20.21359,5.510606,9.752428,1.0697397,-1.8890297,-2.9848766,-1.705748,11.098195,6.157214,10.587445,-11.667091
170,1-12654-B-15,drops,-486.4316,82.69037,18.127136,23.477003,12.338548,14.282801,5.6232038,5.5031567,-2.7454722,1.4520891,-2.4229355,-1.1956855,-7.426476
171,3-164595-A-15,drops,-712.0434,20.865553,-2.393864,1.0644385,-0.6587687,2.128045,0.34715688,1.7652931,0.17254008,1.7866431,0.21063417,1.462452,0.30078772
172,2-139748-A-15,drops,-507.26892,142.63417,54.1878,21.669474,-3.2102923,-1.838585,-19.878904,9.534333,-3.9586244,-5.200854,-2.6855817,13.731281,8.159692
173,4-212604-B-15,drops,-329.34647,85.96356,43.84109,29.368616,15.08514,24.300692,1.4402273,12.41417,10.922654,11.583177,12.189787,10.617602,-3.829981
174,5-261439-A-15,drops,-381.64627,125.57087,28.414455,6.8545737,11.514693,19.696865,8.384454,14.198143,7.597018,8.091963,3.3462448,7.348019,1.9686203
175,1-23094-B-15,drops,-445.17987,44.516354,-48.49467,-31.560013,-39.171707,-47.07514,-47.12908,-30.208021,-30.730204,-15.258299,-20.384611,-5.6542697,-0.89584196
176,2-64962-A-15,drops,-365.51794,14.065962,-33.49351,-3.3849027,-7.0738034,2.280528,0.66026664,2.200127,-14.872291,-2.4970174,4.294489,6.1173954,-13.028076
177,1-23094-A-15,drops,-451.88205,42.88323,-44.324165,-28.492395,-31.367275,-42.753605,-47.1337,-21.077187,-26.39291,-13.2702265,-20.672783,-2.2541697,-2.2616048
178,1-50623-A-15,drops,-576.7703,52.319874,6.9746256,9.402549,1.7651709,5.753925,-0.7927723,3.8263845,-0.060007427,4.6654806,4.020187,8.187178,3.7513998
179,5-241846-A-15,drops,-491.09305,-0.4226677,42.51373,12.785699,14.394916,20.580835,0.9070365,10.904171,-8.196803,11.649062,-7.7636604,11.06508,-7.171512
180,4-188293-A-15,drops,-570.5077,98.34078,24.503658,24.460562,14.841986,19.797085,16.506716,17.579445,6.6857586,3.566109,-0.27974695,0.3969793,-0.65425414
181,5-259180-A-15,drops,-498.22684,28.876152,16.582157,9.251761,2.5566106,1.621151,1.1841512,2.365695,1.3463233,1.5286491,0.75511336,2.380661,1.8012519
182,5-261433-A-15,drops,-447.53415,32.602398,8.845145,0.95926523,3.3319504,2.1097383,0.0836402,0.30417576,0.05654257,-0.872531,-1.0650654,-0.30084273,-0.4701336
183,2-139749-A-15,drops,-639.39386,123.052704,39.74953,12.655477,4.4232283,-4.5227747,-1.6972448,-4.1326914,0.610002,0.62305033,2.1349008,6.2725887,1.4384698
184,3-164594-A-15,drops,-629.4751,-0.16666494,-2.7544599,2.827673,1.8434304,3.4836316,1.62479,3.510174,3.535536,3.4066777,1.8399444,2.344516,1.1306032
185,3-166326-A-15,drops,-573.47327,-9.281552,-103.51442,-31.913057,-1.4658883,16.122818,-0.26424193,1.1307131,-1.2114413,2.4509344,0.11763312,4.043335,0.85573924
186,2-139748-B-15,drops,-518.33264,148.90662,55.33166,19.604017,1.5309657,-5.66319,-17.843767,6.9928193,-3.0879626,-2.1747293,-4.5079308,13.509896,7.9004025
187,5-254832-A-15,drops,-499.65533,55.29948,3.3086276,18.84498,13.660279,22.07756,10.883781,3.730432,1.9664724,6.297663,1.919596,4.87328,-1.8665385
188,5-262641-A-15,drops,-462.4571,123.99097,-6.215449,15.155877,14.869591,14.3585825,9.147561,20.371397,15.92796,18.147135,1.621441,-3.916121,-6.3439965
189,3-160119-A-15,drops,-645.2644,18.193926,0.8917304,2.6113064,-0.027714284,0.45872378,-0.08049594,-1.0160868,-1.3209938,-1.971418,-3.5236893,-2.842766,-3.7613692
190,3-164592-A-15,drops,-707.2769,17.880062,2.0072856,4.9230947,2.9348145,2.4595692,2.8111267,2.9357874,1.3681272,2.2396314,1.2485954,1.6764649,0.22028564
191,4-188293-B-15,drops,-575.7465,101.54058,25.96293,24.0541,18.341923,19.461363,15.019722,17.687483,7.3381405,4.472888,-0.72363067,3.469004,1.843629
192,5-257349-A-15,drops,-588.4032,-91.84794,-30.030039,-15.367678,1.5461404,-8.408057,-15.253373,0.49340203,-3.2361505,13.865231,-2.3345716,7.8650265,0.627653
193,3-164593-A-15,drops,-603.3592,7.6752715,4.9564486,4.094047,2.2187371,2.2352998,0.9211454,2.0204043,1.0104983,0.6851776,-0.059518885,1.2469355,-0.1532613
194,1-16746-A-15,drops,-695.86835,15.206254,5.4036174,9.243661,2.774828,-0.24424738,3.2639377,3.7813907,0.46194327,1.072481,-0.5460204,-0.51299334,-0.25243327
195,1-12653-A-15,drops,-346.36594,92.15909,-2.577717,-0.1262357,4.849517,22.444767,9.019136,5.86032,5.371658,1.7289134,-15.785014,-19.749008,-20.182875
196,5-254832-B-15,drops,-504.79373,57.11993,9.900082,16.1103,10.745254,20.09172,10.077098,5.1837335,3.4481885,7.668151,1.197782,5.176889,-1.857109
197,4-197871-A-15,drops,-762.7483,-31.688171,3.7666438,18.839016,-5.5498233,-1.172173,6.367414,11.179108,-3.1603878,1.5267891,1.9119073,1.9214395,-0.8874114
198,4-174797-A-15,drops,-356.45395,53.283928,22.48688,20.52275,7.2856846,17.45657,6.4281135,7.3972473,1.8704803,7.4719157,2.667143,3.7064111,-1.2433797
199,3-156907-A-15,drops,-602.9018,15.175526,3.5348265,0.5229626,-0.98477364,-1.6366833,-2.9087534,-2.6464055,-2.301258,-1.404748,-1.8860402,-0.76851577,-0.3701397
200,1-977-A-39,glass,-584.2514,-8.4328575,0.501121,1.7342584,-1.1186091,1.6160697,0.93728286,1.8840445,-0.4068844,0.36345553,1.4360042,0.99978226,-0.8101569
201,5-257642-A-39,glass,-404.04993,30.221992,13.033442,10.417694,2.36975,1.8181769,0.42912045,0.7845443,-0.94169617,0.0039029652,-2.7286913,1.9921242,-3.8974478
202,2-112213-B-39,glass,-304.54614,-44.41209,-9.431135,16.811272,0.7421947,10.531982,3.7019486,8.752412,2.4325693,9.757268,3.7383451,5.5579047,-1.0946685
203,3-216284-A-39,glass,-628.55206,-5.8576713,-3.6316104,1.5602778,0.34728426,-1.5506384,-0.61745024,1.1891673,-0.36168766,0.05024185,-1.2990098,0.41288808,-0.72789794
204,3-203375-A-39,glass,-550.92236,0.67879003,-1.7991043,0.2643836,2.3876612,1.3578157,2.3595595,2.1994326,0.8455361,1.419756,-0.19996244,1.4612129,1.0877744
205,3-203374-A-39,glass,-559.0151,-3.586673,-1.9465971,-1.4008037,0.98302656,0.78615904,0.70578015,0.2866738,-0.75910825,0.3042795,-0.89005905,0.6803079,0.04626237
206,4-204777-B-39,glass,-83.37577,10.076294,-5.6715403,10.309674,-4.989667,3.5722125,-3.2273784,6.1811314,-1.2001295,4.465,-2.2860336,4.901712,-0.26766896
207,2-141563-A-39,glass,-543.06055,-1.204467,-1.2935091,13.13474,-1.4158379,1.4284272,-5.873884,1.0679464,-2.5641425,-0.6241054,-1.8647357,1.3126719,-1.6962062
208,1-20133-A-39,glass,-304.2433,33.4614,10.350019,14.231783,4.2228503,9.026481,1.618177,7.821085,1.497951,3.750718,0.4499555,4.023179,0.03698985
209,3-203373-A-39,glass,-613.7358,-3.8899693,-1.178546,0.056564383,1.2242041,1.2912536,0.9539254,1.8369408,0.06116341,0.25236914,0.9183681,1.0545319,0.122146145
210,5-233605-A-39,glass,-611.6351,-2.7005095,-0.22125286,2.2432644,-0.25960878,0.33928528,-1.7438766,-1.5718809,-2.3680131,-1.339561,-2.8306813,-1.6386633,-2.369389
211,1-85168-A-39,glass,-541.20325,8.351625,14.332989,14.231602,8.612347,11.65006,4.15893,10.82698,3.4816434,0.06082216,2.336872,3.5773044,2.1972475
212,3-203371-A-39,glass,-469.08148,9.221669,3.6217656,3.53874,5.02438,2.05903,3.2406008,2.5260534,1.5846746,1.7993423,0.4380836,1.3930595,-1.124943
213,3-216281-A-39,glass,-588.0732,-4.165363,-3.3685114,1.4707694,-0.20801061,-1.9720993,-0.058636695,0.7228492,-1.0152118,-0.08556555,-0.47159794,0.093158275,-0.56835717
214,2-173559-A-39,glass,-374.1002,19.61666,-6.7099643,4.9811897,-6.0113096,-1.5642853,-6.6967397,-1.4873385,-6.8591924,-2.476424,-5.3607655,-2.5835376,-4.6725397
215,5-260432-A-39,glass,-697.05865,-3.6662517,5.199653,3.0584881,1.1739366,1.0819558,0.49361375,-0.5481961,0.8324531,0.35181677,-0.5579874,1.724193,-1.2762122
216,1-88807-A-39,glass,-622.72815,-14.686022,7.73708,2.4213822,1.413357,4.644065,1.8657677,6.41347,0.5801839,4.491782,2.314297,3.7373416,0.73000365
217,1-85184-A-39,glass,-593.65796,-1.0455585,1.8002954,0.7998814,0.44825536,-0.061181005,-0.8633413,1.0640247,0.953598,1.6560935,-1.1099799,-0.12118872,0.12379161
218,5-233607-A-39,glass,-526.8073,-2.8020368,0.4568156,-0.23198603,-2.6491556,-0.5357167,-2.7501776,-1.3221567,-1.5424032,-1.496802,-3.1404123,-1.2748444,-2.1668415
219,1-84704-A-39,glass,-498.0022,10.651131,4.160777,5.188808,1.5656885,3.6460135,0.9031208,4.9831247,1.4735962,2.582704,1.774354,1.3992935,1.9735014
220,4-204123-A-39,glass,-704.00836,4.0459614,-0.63903284,10.483692,-4.2963934,5.0639367,-1.8667969,2.7245777,1.16631,2.4236648,1.2127421,4.2394614,-0.4867445
221,4-204119-A-39,glass,-709.81287,-7.0248895,-2.47737,5.650868,-3.9283466,3.4444559,-0.72708565,2.3892505,0.58672076,1.7887206,0.33672774,2.6772885,-0.35369965
222,2-173607-A-39,glass,-387.54962,-4.2528234,4.8637786,5.4482226,-4.4947515,-3.2441418,-6.0000706,-2.7359283,-3.9036794,-2.141279,-4.0066876,-1.485955,-2.8204215
223,2-173618-A-39,glass,-229.84157,-4.564182,-6.164189,4.979605,-5.455112,-0.88965863,-4.1249657,-2.841803,-4.0516443,-2.7764175,-6.4175134,-1.9995586,-5.364477
224,2-112213-A-39,glass,-221.03412,-17.245928,-19.261326,17.644712,-1.9272723,8.193862,-1.1668763,9.142044,1.0468087,8.986271,0.5537333,4.0942283,-0.34700176
225,5-260434-A-39,glass,-588.4343,-7.063987,-0.20404664,3.215956,-1.4523307,1.0685207,-0.46823868,0.7390317,0.6290073,-0.032663994,0.5001979,1.1554214,-1.001809
226,4-204121-A-39,glass,-695.6983,10.260957,-2.250951,13.55212,-5.3747244,7.0969725,-0.26195413,4.1390476,1.3443074,3.848409,0.6680098,4.397911,-0.060176603
227,1-84536-A-39,glass,-392.08475,22.766848,7.1211815,2.675639,3.5883532,4.7102747,1.2561857,5.353933,1.766524,3.516703,-0.8861465,4.960632,0.05291696
228,5-221529-A-39,glass,-677.911,22.064516,2.385989,4.678801,-2.124268,3.9358063,2.3423815,3.419574,4.1879463,2.7931743,0.68295586,2.496864,-0.45622948
229,3-216280-A-39,glass,-740.7954,-8.7637615,-1.5978981,3.6115415,0.41554144,-0.79415005,1.0224966,-0.094598755,0.07215989,1.2048228,-0.57877547,-0.73599505,0.22969818
230,4-212698-A-39,glass,-537.16754,23.899618,5.5505276,0.5876275,-1.6672423,2.936859,-0.93325233,2.1191707,0.09056819,1.6751162,0.21874501,1.8240058,1.1668814
231,2-250710-A-39,glass,-431.29947,16.525122,-17.454906,3.521433,-5.732725,-1.0579581,-2.877495,-0.067764245,-6.1523013,4.168618,-3.56396,2.1975672,0.28584966
232,4-204115-A-39,glass,-752.43475,7.496305,-3.8643482,9.783225,-4.142628,5.4298024,-1.3831251,1.4824252,-0.4940947,1.3094633,-0.84105843,2.142165,-0.3973723
233,4-204777-C-39,glass,-146.92201,11.423629,-7.4734077,5.706665,-1.1178944,3.19154,-3.3572507,1.6794351,-3.6732574,2.9639776,-2.5618436,1.5878372,-2.6101756
234,4-204777-A-39,glass,-62.455013,-5.8425746,-20.20971,16.060226,-6.850015,7.5649233,-5.21492,3.5837831,-3.0369859,3.117573,-5.5231633,3.9575717,-3.8857284
235,5-260433-A-39,glass,-580.5889,-1.7661479,1.0397093,-1.82444,-1.413234,3.052298,1.0095224,1.191725,0.3315649,0.5900254,0.6144042,1.3743463,-0.122594304
236,3-203377-A-39,glass,-654.25696,1.5126305,-0.6492334,-1.6998702,1.8340737,-0.5209577,0.30058244,0.3850505,-1.1790673,0.43779042,-0.6225882,-0.2554149,-0.5246537
237,5-221528-A-39,glass,-567.65717,7.207145,7.866007,6.2761025,4.34188,6.03908,3.9970303,3.4400315,2.9723713,3.4492009,2.4168696,2.6031754,1.2976302
238,2-106881-A-39,glass,-342.1476,24.436638,-29.482447,-9.102073,-0.0624969,-5.2115474,-12.300202,-4.3538203,-7.119046,0.43027955,-7.8182034,-2.3160274,-8.051042
239,1-84705-A-39,glass,-558.3412,9.823328,0.4332952,1.6513956,0.3336708,1.5206199,-0.5025892,1.0148965,-0.5848936,0.59269494,-0.82297254,-0.035236806,-0.66001844
240,4-117627-A-25,footsteps,-278.69394,101.64308,-7.9320745,19.298067,-4.5274253,25.669796,0.68320435,10.11477,-0.08499468,11.134016,0.81775373,6.1510305,0.49313495
241,5-234263-A-25,footsteps,-527.27905,35.446148,1.4607778,7.949105,4.415299,4.4540353,1.7876825,3.5728745,2.08761,3.0321767,1.614944,2.1778736,0.7499187
242,4-194979-A-25,footsteps,-228.5663,64.86022,-21.821281,-3.690157,-16.326647,-1.2388719,-7.7490153,2.3605292,-5.7187195,2.460913,-5.001829,0.9378667,-6.19316
243,3-103598-A-25,footsteps,-255.5355,45.666668,-9.895165,20.623219,3.1635623,15.487633,6.4945807,13.505617,6.1410847,10.338,6.3645267,10.483991,2.0044887
244,5-263490-A-25,footsteps,-360.57272,129.52888,-4.500116,22.081272,11.351615,9.732469,1.9455109,6.990254,-0.7190789,2.4391232,-4.6041174,3.4400532,-1.0459365
245,3-103599-B-25,footsteps,-220.35931,66.19067,-9.187553,12.115459,7.2352023,17.539707,2.6875901,9.534046,5.0661936,11.069544,5.125338,9.940941,1.1973922
246,2-209477-A-25,footsteps,-235.56454,77.063385,11.880854,7.279558,-0.100189336,4.269334,0.8085508,0.0301699,2.2217264,3.4042313,-2.5265088,5.5477123,-1.1850553
247,3-103599-A-25,footsteps,-256.87494,77.223976,-9.689223,13.472312,8.220262,17.912966,4.7494373,11.625846,8.59558,10.277348,5.135633,9.775239,2.4538896
248,4-198962-B-25,footsteps,-513.3313,164.72345,21.095846,20.716475,19.098581,19.703798,3.4115713,9.342913,4.3538904,4.4081345,6.057996,2.0094762,2.1678839
249,2-209471-A-25,footsteps,-198.78773,105.54872,3.3562155,5.099356,0.1516831,2.7686903,1.6402087,-2.8041077,-0.34893158,2.1900985,-5.248526,0.26247904,-5.4841824
250,4-218304-A-25,footsteps,-380.87845,69.86784,-5.1222644,17.736118,-5.3120584,7.4907064,0.7982732,6.317813,-1.069666,7.169209,0.34638467,6.084477,-0.82997704
251,4-218304-B-25,footsteps,-306.73688,50.607925,-27.652212,-3.2757695,-6.325364,8.679684,-0.42574742,6.675655,1.3478746,8.949232,-0.9269879,5.593036,-1.0256926
252,2-209473-A-25,footsteps,-209.40373,105.30402,9.000978,12.684904,0.08494764,5.5415964,-1.1635122,-0.2507769,0.122206144,-0.60182166,-4.4487734,0.17372805,-4.725267
253,5-263501-A-25,footsteps,-306.52283,125.84791,-21.600481,-2.0930147,2.0787525,-2.0616965,-1.018273,5.3876743,-5.985103,0.9575,-8.031032,4.5156474,-6.9482594
254,2-209472-A-25,footsteps,-212.79572,106.2827,4.874286,12.17273,0.08128811,6.5927243,-0.07256529,1.243973,0.17230451,0.7554802,-2.6644154,1.4317086,-5.019632
255,5-51149-A-25,footsteps,-288.27225,83.56751,9.026799,19.918062,6.49248,9.454263,0.65442586,6.840469,2.256483,5.9605045,1.2905307,4.7373996,0.027363358
256,5-243025-A-25,footsteps,-325.44293,94.10099,0.6453068,17.408756,-7.2624593,13.796383,1.9298348,13.978014,-2.4535341,10.689134,-1.6370915,4.5269737,-4.388584
257,1-51147-A-25,footsteps,-392.63483,32.394566,-7.3189173,0.47192886,-9.912264,-0.13291107,-9.0745125,1.6613432,-7.0977306,3.4409618,-2.2777104,4.7833076,-0.9188374
258,5-234855-A-25,footsteps,-422.48477,59.091072,9.468399,23.841646,11.377039,18.204226,5.090102,10.177465,2.760962,10.509557,2.6105099,7.905129,0.9300044
259,3-249913-A-25,footsteps,-417.57465,141.57631,-0.3191231,14.888622,3.9197028,25.55703,7.523798,18.18518,9.264156,13.044114,3.6923358,7.815331,2.1784267
260,1-155858-E-25,footsteps,-302.43542,94.26224,-8.004536,3.7937837,-10.080244,-6.2906423,-12.370185,-15.261257,-19.533709,-8.211353,-14.234957,-12.707054,-16.987059
261,5-244310-A-25,footsteps,-221.1941,82.7173,9.390579,23.402258,7.2924294,17.66799,1.4423541,11.76236,3.4195101,10.12146,-0.15643646,6.146931,0.76457494
262,1-155858-F-25,footsteps,-388.18576,73.54915,-6.5154257,-8.077669,-8.180876,-1.2676193,-9.5304365,-3.3856852,-9.388578,-1.6949934,-6.2629848,-0.69225657,-6.9798474
263,4-198962-A-25,footsteps,-537.27295,116.574326,46.69997,19.161903,12.718312,13.833492,7.8635945,5.6757617,5.0493746,4.0253806,4.6930027,4.265588,2.5926273
264,1-155858-B-25,footsteps,-348.93942,70.071045,-15.191961,-9.826969,-9.673966,-2.1496165,-9.525458,-4.6131134,-12.430755,-2.9695256,-7.025552,-2.595961,-8.816546
265,4-117630-A-25,footsteps,-351.32462,82.35169,-22.576284,21.509842,11.330784,13.887256,1.3002546,7.6293087,9.672402,12.48283,1.448696,8.246635,5.8335996
266,2-209478-A-25,footsteps,-203.34906,87.752426,7.77788,7.780611,-2.0179844,7.1679373,-1.6166282,3.0061297,-0.040030293,1.7782676,-0.8815576,3.6462927,0.16500165
267,1-155858-C-25,footsteps,-345.61615,79.708145,-23.377003,-11.0489235,-7.5793295,-1.6566216,-10.819305,-6.5333667,-11.87812,-3.8551204,-6.3106284,-0.996041,-8.014235
268,3-94344-A-25,footsteps,-206.26994,26.137802,-10.255049,20.606386,4.2766595,13.475494,7.01018,8.716532,3.6686025,8.472966,4.3200784,12.136487,2.19468
269,1-155858-D-25,footsteps,-325.6916,83.31747,-24.13002,-13.891386,-8.1484995,-2.8200464,-13.800795,-9.331216,-12.291754,-2.9054403,-6.398255,-2.9113815,-10.491108
270,3-103597-A-25,footsteps,-217.25742,44.983025,-0.28043902,16.707485,0.54959047,12.031647,0.74332625,10.300916,2.504301,6.5100245,-0.4831913,7.248807,0.11976148
271,3-94343-A-25,footsteps,-258.80157,78.03539,15.966753,23.386387,11.850171,20.030336,14.832305,12.785569,12.404157,16.135897,7.510461,13.351195,4.271196
272,1-155858-A-25,footsteps,-359.08783,77.45069,-11.720873,-10.571416,-10.328253,-3.4880967,-10.384362,-9.225964,-13.043116,-3.8779948,-8.64729,-3.912915,-9.699749
273,2-209476-A-25,footsteps,-202.94862,93.83782,7.7050204,3.975151,-2.6809983,7.988974,1.0511072,4.4779196,1.5128446,2.7340572,-0.8106994,3.9608624,-1.7425158
274,3-94342-A-25,footsteps,-128.46758,6.008603,-4.830247,11.325398,-0.035536837,9.520915,9.376609,10.58587,8.564254,13.869854,8.381642,12.992918,5.6098504
275,2-209475-A-25,footsteps,-211.74162,94.72265,4.1275816,7.889216,-0.3658779,0.7621718,-0.19029187,-2.0237195,0.50297636,0.68906426,-4.5867534,1.9679588,-3.5283399
276,1-223162-A-25,footsteps,-559.8346,10.200623,1.6612439,1.4346886,0.51260644,1.3601868,0.811113,0.47995362,0.15868233,0.27750877,0.22586049,0.38691086,0.14332873
277,2-209474-A-25,footsteps,-186.79012,111.39792,0.71251327,9.699529,-0.42294598,8.386073,0.023578592,3.1261199,-1.4489985,3.3448672,-0.92790246,2.6715338,-3.0187414
278,5-263491-A-25,footsteps,-334.91772,120.29909,-3.3734035,-2.8608344,-2.4979315,6.920812,1.0398147,6.1655083,-5.826037,-1.3811694,-8.461587,2.5846655,-3.0101726
279,4-194981-A-25,footsteps,-262.551,136.28777,-7.1982055,15.278539,-6.7102246,5.020377,-6.2949443,3.2443585,-5.2807,1.4619372,-5.3960233,0.34892565,-5.9247375
280,3-95694-A-5,cat,-325.87604,82.4535,-21.869041,2.3347666,-0.81874704,13.461095,-3.5196564,6.1945887,-3.6434653,1.5700959,1.8270109,3.1775045,7.388263
281,1-56380-B-5,cat,-514.56287,14.515236,-29.495338,20.459158,-6.955654,13.737319,-2.9231684,2.2297466,-1.7579211,2.6325288,-4.2383714,-4.4467707,9.144122
282,1-47819-B-5,cat,-420.01926,78.71314,-6.0463276,21.1345,3.715227,9.376656,-0.32900885,4.1458664,-3.9983552,1.0143996,-3.6885195,7.438194,0.7243077
283,2-83934-A-5,cat,-352.86792,99.347855,-3.6765225,16.36597,10.819789,15.581855,7.462091,11.045211,11.57521,19.734755,17.460072,11.468884,5.050085
284,1-34094-A-5,cat,-231.27477,90.72642,-24.676712,11.644122,-10.786425,-5.4160247,-0.7386878,18.691664,-1.6291999,1.8690017,-0.41347367,3.5974867,-2.6198454
285,4-133047-C-5,cat,-310.42807,82.70734,-37.796215,17.020641,28.810265,-1.7485394,3.06644,16.68631,1.6182029,-0.47415453,4.0583863,9.552239,13.315808
286,2-110011-A-5,cat,-383.1865,24.353273,-5.851844,7.359607,-1.5557431,3.2869349,0.13666388,0.6296715,-1.0382257,-0.5884442,2.3401423,3.87003,5.1942344
287,3-95695-B-5,cat,-260.79306,72.230865,-33.645573,10.810022,-0.7085976,4.755393,-11.475366,7.3329434,4.401902,6.586854,2.8616135,0.50960433,0.009105734
288,2-69131-A-5,cat,-403.85162,25.469429,-37.125637,-18.198425,-7.357156,6.523727,-2.8273985,5.902026,-1.6482091,-1.6776489,-2.409462,-4.712294,-5.3854146
289,4-133047-A-5,cat,-359.57968,83.424,-13.068842,14.071812,21.202902,6.949644,7.6852636,19.554068,-0.5470818,3.832285,-7.90328,7.627655,12.619496
290,4-161303-B-5,cat,-469.03882,13.837968,-4.6011653,0.44189593,7.530814,5.166222,-2.3188226,1.4951454,-0.4827161,5.4496603,6.940576,6.51992,2.097086
291,1-34094-B-5,cat,-241.95709,101.19648,-24.40701,9.279932,-14.887854,-3.0038574,0.035001636,20.039656,-2.3814983,2.4119132,0.86382985,5.1036763,-5.577158
292,5-172639-A-5,cat,-320.14194,40.836666,-6.2987127,22.198008,1.7125093,10.852758,-4.2947316,5.6555595,0.13611448,6.8638983,8.404774,12.867712,9.69502
293,1-47819-C-5,cat,-441.7582,74.31306,1.1744847,20.268423,4.7168703,12.425563,3.6380184,7.163975,-4.572952,-0.61085856,-6.5523977,1.2331123,-3.348437
294,3-95695-A-5,cat,-325.53958,78.43439,-11.837141,7.050005,-1.8551407,6.270163,-4.046749,6.5452466,-0.4657816,10.311245,4.0031013,-1.6890901,-4.093289
295,2-82274-A-5,cat,-395.22028,94.67206,0.77929467,37.43315,11.504365,10.686595,3.138696,4.295736,4.927972,13.723688,2.895947,5.4711914,-1.1049354
296,3-95698-A-5,cat,-366.789,57.18232,-22.048449,-6.875242,0.40094835,1.3982872,-4.747425,4.825225,0.8234234,0.08909545,-1.7311729,-3.4488084,-1.7786032
297,2-110010-A-5,cat,-561.75696,7.848859,-7.5219364,1.1701492,-5.6151724,0.79439175,-3.7848706,0.13967282,-2.659889,2.543331,1.4478548,2.630725,3.9901872
298,2-69131-B-5,cat,-293.81802,31.306211,-81.3411,-18.640272,-14.990217,4.779392,-8.835944,12.30009,-16.4577,-13.468745,5.7545767,-12.423226,-4.831478
299,4-161303-A-5,cat,-408.8726,44.29646,-10.683783,4.7600317,22.824305,15.690949,-3.4292903,11.948373,1.1203989,15.455502,15.795361,14.95138,6.7831388
300,5-214759-A-5,cat,-483.95404,36.474277,-31.908592,5.852238,5.819347,6.147021,-10.899657,-7.1360173,-5.1263027,-1.2413926,5.4860973,3.3600297,4.351203
301,5-214759-B-5,cat,-476.50735,31.013536,-26.495821,1.869291,5.812804,10.196474,-6.7953887,-5.3717747,-6.1007576,-3.981683,3.967181,4.0807695,5.745266
302,2-83934-B-5,cat,-358.1849,101.64983,-9.693511,15.6711235,13.8644,21.71969,-1.0214542,11.9584055,9.960003,7.098743,16.121376,8.714899,16.473534
303,5-177614-A-5,cat,-435.99625,25.297293,-7.420364,20.170914,6.864903,7.1463013,2.781406,9.379983,3.3636749,1.0707072,-3.501885,-1.4341727,8.636805
304,3-146964-A-5,cat,-459.3889,162.21902,29.162998,-1.53116,-48.262474,-6.3034506,-0.48130357,-0.9167599,-6.9904194,12.36281,-12.545691,-1.3448192,0.59442216
305,2-82274-B-5,cat,-392.9102,90.54083,1.3809847,36.8501,13.802763,19.385288,0.37045014,5.534607,3.0207057,13.9539,5.1811237,8.9217205,-1.4580246
306,3-95697-A-5,cat,-537.81433,14.004338,-16.073303,1.4631048,-2.694644,1.3773193,-3.6123943,0.78815925,-2.6428862,-1.4569325,-3.0347323,-0.4008604,-1.0221515
307,5-169983-A-5,cat,-308.1685,117.04865,25.166307,26.444605,11.702114,26.455404,10.365776,9.803847,-0.9366309,8.877056,3.2015426,8.83822,2.2928846
308,3-146965-A-5,cat,-479.8252,136.77742,25.697996,-4.440951,-31.30334,2.7902324,-2.4784153,6.61073,-6.321036,4.884718,-10.699308,-2.3586066,0.6218602
309,1-56380-A-5,cat,-408.0012,19.71976,-35.64018,14.0062275,-7.3503966,15.785923,-3.273247,-0.18136871,-10.764368,0.8473671,2.4356613,-6.917031,7.7003665
310,4-133047-B-5,cat,-304.57886,87.93156,-23.40965,11.756842,19.262865,4.365384,7.9989805,16.391752,9.562614,5.2552156,0.68493146,5.655662,3.6838055
311,4-149940-A-5,cat,-378.1562,130.63564,16.011436,-3.4817874,-1.1126211,19.5038,10.508268,5.9730496,-10.7559185,-0.8492524,2.2840075,5.703027,14.70544
312,1-47819-A-5,cat,-433.8342,73.65022,-1.8852118,23.184475,4.1514287,11.718978,1.4595854,3.8770936,-4.319512,0.61270076,-2.6578085,7.643821,-1.7218324
313,4-149940-B-5,cat,-430.17688,86.22498,13.762652,13.583103,17.342337,18.476809,10.034321,18.7156,2.704005,9.741979,6.090329,14.616329,12.605975
314,3-146972-A-5,cat,-328.65024,107.82488,-20.228455,-0.5344595,-18.196768,7.1649714,8.164478,3.6583624,-17.239548,15.979262,-0.7631669,-0.9972766,2.2074711
315,5-256452-A-5,cat,-445.9207,21.539284,-4.9798493,6.5770516,-2.674798,3.2492619,1.5676011,-1.0204524,-1.0185683,-1.7096467,2.2530658,1.481616,5.4663043
316,5-172299-A-5,cat,-285.22308,52.700512,-54.07059,0.5227517,26.097944,8.079873,-5.6049805,17.04177,3.7583432,-6.8706403,-7.6167855,-6.0216002,-0.40053385
317,5-259169-A-5,cat,-423.37555,14.453434,-3.161644,0.12819196,0.14687675,1.118994,-1.9654192,0.31607193,-1.3359011,0.79645616,0.9971187,-1.0031372,-2.542548
318,4-120160-A-5,cat,-347.51587,-2.1359391,-28.119213,4.891968,-5.810381,4.119187,-9.574075,0.34680456,1.3644967,3.8921251,-2.4100769,-1.3252536,-0.32154062
319,1-79113-A-5,cat,-488.1654,43.961567,26.379423,32.052956,-3.5692708,24.677193,11.815403,14.398207,7.2014046,3.0191393,8.208276,10.471287,5.3193045
